{"concurrent_ms":1014,"concurrent_throughput":98543.43927837032,"sequential_ms":580,"sequential_throughput":172379.19838156618,"tasks":100000,"workers":8}
